id,creditLimit,gender,edu,age,nDelay,billAmt1,billAmt2,billAmt3,billAmt4,billAmt5,billAmt6,default
1,1500,0,3,31,2,1350,1530,1455,1515,1530,1515,0
2,10900,0,1,47,0,8720,9047,9374,0,0,2834,0
3,3600,1,2,54,3,2520,2448,2808,2736,2700,2880,1
4,4200,0,1,25,0,4116,3990,3906,1764,1722,1722,0
5,19200,0,5,53,0,12864,13056,12864,6144,3840,11904,0
6,50000,0,2,30,0,10000,7500,8500,7500,7000,6500,0
7,7500,0,2,30,2,6600,7200,6975,7350,7200,7575,0
8,2000,0,1,27,0,1320,1400,1480,1500,1540,1580,0
9,17100,0,2,27,0,16929,17271,17100,17271,13851,14022,0
10,9200,1,1,40,2,8740,8924,8924,8832,9292,9292,0
11,6200,0,3,34,0,4836,4774,1736,3720,3534,2914,1
12,14300,1,3,25,0,14586,14443,13728,12870,13156,13585,0
13,3800,0,2,39,0,2280,2280,2166,2204,2204,2166,0
14,20800,0,2,28,2,10608,10400,9152,7072,7904,7696,1
15,4500,0,2,34,2,4590,4545,3735,3825,3870,4140,1
16,35000,1,1,53,0,700,700,0,0,1400,0,0
17,17700,1,1,29,1,0,0,0,0,0,0,1
18,1000,1,2,39,3,110,110,110,110,110,110,1
19,9200,0,1,30,2,8464,5796,2944,0,0,0,1
20,1400,0,1,24,0,2016,1036,1316,1288,210,0,0
21,31400,0,2,26,0,1570,6280,3140,28574,16328,18840,0
22,1000,1,2,23,0,990,1510,660,1530,860,880,0
23,15300,0,1,30,0,4437,4131,2448,2448,2295,0,0
24,5000,1,2,44,0,5100,5050,4850,0,200,3000,0
25,2000,1,1,28,2,880,1000,1040,1080,1100,1140,0
26,2000,0,2,30,0,320,400,200,80,100,0,1
27,12700,0,2,52,0,9779,10033,7620,6604,5588,5588,0
28,38500,0,3,48,0,0,385,385,385,0,1925,0
29,5000,0,2,21,0,350,400,500,600,500,650,0
30,27700,1,2,24,2,0,0,0,0,0,0,0
31,40900,1,1,36,0,0,0,0,0,0,0,1
32,30000,0,2,45,0,5400,3900,1500,600,600,11100,0
33,4700,0,1,21,0,7379,3807,3854,3901,3995,4136,0
34,36400,1,2,28,0,1456,728,1092,1092,1820,728,0
35,15300,1,2,43,0,2754,2754,2907,3060,3060,3213,0
36,4600,0,1,26,1,0,0,0,46,2990,2668,0
37,12500,0,4,23,1,0,0,0,0,0,0,0
38,34500,1,1,53,0,19320,18285,17250,16560,15525,21045,0
39,7900,1,1,57,3,6636,6794,6636,7268,7110,7268,1
40,700,1,2,36,2,644,644,700,679,700,693,0
41,41700,1,1,59,0,2085,7923,2502,4587,2919,2919,0
42,4200,1,1,29,0,4284,4158,4158,3780,3402,2772,0
43,6700,0,2,34,0,6097,6097,6901,5963,2345,2680,0
44,3600,0,3,31,0,1692,0,0,0,0,0,0
45,10000,0,1,54,0,100,500,0,0,0,0,0
46,5000,1,3,56,0,400,550,400,400,350,250,0
47,2300,0,3,35,2,2093,2024,2208,2139,2300,2254,1
48,4600,0,3,26,0,2990,3036,3128,3220,3266,3312,0
49,2700,1,3,50,2,4212,3807,3483,3024,1782,2700,1
50,28700,1,1,37,0,0,574,287,0,287,287,0
51,12300,0,2,34,0,10824,10824,10824,10701,10824,10701,0
52,2700,1,3,22,0,2079,2160,2295,2457,783,567,0
53,13300,0,2,32,0,1596,1729,1729,1729,1463,931,0
54,13600,0,2,27,0,9384,9520,9928,9928,10200,10336,0
55,30000,0,1,34,0,16800,17400,19800,20700,21000,22800,1
56,16700,0,1,29,2,167,0,167,167,3841,3841,1
57,25700,0,2,40,0,25186,25700,24158,20046,20817,2056,1
58,23600,0,2,39,0,7316,7552,7788,7788,8024,8260,0
59,14700,1,3,51,1,-294,-294,-294,-294,-441,-441,0
60,3800,0,2,25,0,3724,2470,2394,1900,1976,2052,1
61,23100,0,1,48,0,18942,18018,17325,16401,15477,14322,0
62,10000,0,2,26,0,3800,3900,4100,4100,4300,4400,0
63,2000,0,1,23,0,1920,1900,1840,1840,1880,1940,0
64,5300,1,2,52,0,6996,7208,7208,6254,1272,2703,1
65,2700,0,2,42,0,1539,1674,1836,1863,1890,1971,0
66,20700,0,1,31,1,0,0,0,0,0,0,1
67,1300,0,3,61,2,533,715,728,728,780,832,1
68,2000,1,2,30,1,0,0,0,0,0,0,1
69,20000,0,2,58,2,6200,6400,6800,6600,6800,6600,0
70,18200,1,2,48,0,18746,0,0,0,0,0,0
71,10800,0,2,39,1,0,0,108,108,0,0,1
72,27700,1,1,48,0,554,277,554,0,0,0,0
73,16400,0,1,27,2,1476,1312,1312,1312,656,164,0
74,34300,1,1,62,0,6517,6860,6860,6860,6517,5831,0
75,20000,1,2,50,0,400,0,0,0,400,2400,1
76,9100,0,2,39,2,14105,14560,14924,15470,5278,1547,1
77,23000,1,1,35,0,0,0,230,0,230,0,0
78,18200,1,1,36,2,17654,17108,17290,12194,10556,10738,0
79,22000,1,2,62,0,0,220,0,0,0,0,0
80,2000,1,1,24,0,1580,1680,1780,1800,1840,1620,0
81,28000,0,2,46,0,7840,7560,7560,7560,6720,6440,0
82,2000,1,3,33,2,280,340,420,480,540,520,0
83,13300,0,1,27,0,8113,6118,6251,6251,6384,6517,0
84,10900,0,1,28,2,0,436,218,218,0,0,0
85,27500,0,1,30,1,0,0,275,0,275,0,0
86,14700,1,1,39,2,0,0,0,0,0,0,0
87,10000,1,1,27,0,1300,1700,1700,1700,1900,1600,0
88,11300,0,2,26,0,2938,2486,2599,2373,2034,2825,0
89,1700,0,2,24,2,1360,1377,1496,1564,1615,1309,0
90,10000,1,1,41,0,500,700,200,0,0,100,0
91,6400,0,2,26,2,6528,6336,5504,5312,5632,5824,0
92,10700,1,2,24,0,214,0,0,0,0,0,1
93,24500,1,2,39,0,10045,10535,10290,9310,9800,8820,0
94,14000,1,1,32,2,9100,10360,7840,6720,0,0,0
95,18000,0,3,28,0,7200,6660,5760,5400,4680,3960,1
96,4500,1,2,28,0,4320,4410,2655,2700,2565,2610,0
97,2000,1,2,25,2,1580,1680,2040,1960,1400,0,1
98,2000,0,1,49,0,220,0,80,40,0,20,0
99,18200,1,3,41,0,16562,16380,16380,16380,15106,15288,0
100,2000,1,1,22,0,1840,1920,620,620,0,0,0
101,10000,1,2,26,0,400,500,600,400,400,400,0
102,8200,1,3,43,1,0,0,0,0,0,0,1
103,3000,0,2,24,0,1980,2010,2220,2460,2670,2760,0
104,2900,0,2,34,2,145,145,290,145,145,145,0
105,2000,1,2,37,0,20,0,60,0,0,0,0
106,16000,0,5,42,0,3200,2240,2240,2400,2240,1280,0
107,4000,0,2,23,2,1880,2000,2160,2480,2400,4320,0
108,7300,0,1,31,2,3212,2555,1533,1168,1095,146,0
109,12000,0,2,33,2,4680,7560,7920,10680,10920,10800,1
110,20000,1,1,28,2,-200,1000,10400,7800,2600,400,0
111,11400,0,2,39,0,2850,3306,2736,1368,1596,1140,0
112,12700,0,1,67,2,0,0,0,0,127,0,0
113,2900,0,2,32,0,2900,2929,2929,2900,2813,2726,0
114,15000,0,2,26,0,0,1200,900,300,150,1200,0
115,9200,1,1,47,2,5796,5888,5704,6072,5980,6348,1
116,25500,0,1,30,0,9690,4590,4080,3570,3570,2805,0
117,35500,0,1,31,0,11360,12070,11005,10650,9230,8165,0
118,6000,0,3,28,0,960,1020,1140,1140,1200,1200,0
119,10700,1,1,24,0,0,0,0,0,0,0,0
120,10000,1,2,31,0,7400,6000,5600,4900,2400,2300,0
121,18200,0,1,36,0,910,910,1456,3458,728,364,0
122,15000,1,2,28,0,2850,3450,4200,4350,4950,6000,0
123,6200,0,1,31,2,2852,2976,3162,2790,2542,2542,0
124,17100,0,1,36,0,171,171,171,171,171,171,1
125,1400,1,1,27,2,126,182,84,56,28,98,0
126,2100,0,3,49,2,1281,1428,1323,1743,2037,1218,0
127,5700,1,2,29,0,3021,2850,2223,2052,2052,3477,0
128,13100,0,1,32,2,12707,13362,13362,12707,12707,12576,1
129,1800,1,2,41,2,522,612,702,792,846,828,1
130,31400,0,1,40,0,29830,30144,31086,31086,27946,27632,0
131,19200,1,3,46,0,7488,7680,2688,1920,2112,2304,0
132,6000,1,3,30,2,3180,3060,3420,3360,3540,3780,1
133,28300,1,1,34,0,283,566,1981,283,6792,2264,0
134,10000,1,2,45,0,2600,2000,1800,1600,3600,3400,0
135,18300,1,2,39,0,7320,9516,9150,4941,4209,7137,0
136,25000,0,2,29,2,23000,24000,23250,26500,26250,25250,1
137,22000,1,1,48,0,17600,16500,16500,15400,15400,15840,1
138,24500,0,2,39,0,1225,980,0,0,0,0,0
139,20000,0,1,49,1,0,0,0,0,0,0,0
140,6000,0,1,24,1,0,2280,2820,4320,4440,4380,0
141,1800,1,2,27,2,1314,1548,1494,1494,1548,1584,0
142,12000,0,1,34,0,120,120,1440,4320,3360,3240,0
143,2100,0,2,46,1,630,1722,1743,1743,2058,1785,0
144,2500,0,1,21,0,350,325,75,450,700,0,0
145,29200,0,1,43,0,28032,28032,26864,26280,23652,23944,0
146,19200,1,2,42,0,384,1344,1152,192,0,0,0
147,6700,0,2,26,3,737,871,871,804,871,1005,0
148,25000,1,1,46,0,16000,15500,15750,15750,12250,10500,0
149,25000,0,1,30,0,12500,12750,12750,9500,9500,9750,0
150,32700,0,2,45,2,33027,31065,25833,24525,25179,25506,0
151,3300,1,3,35,2,3102,3036,2409,759,165,363,1
152,11500,0,2,27,0,0,0,0,0,575,0,0
153,2000,0,1,41,0,180,400,260,100,0,0,0
154,36400,1,1,46,0,1820,2184,2184,2184,2184,1456,0
155,7300,0,2,42,2,4891,4818,5037,5183,5256,5329,1
156,31700,0,2,33,0,317,0,0,0,0,0,0
157,6700,1,1,29,0,536,0,67,134,134,469,0
158,2300,0,2,29,2,1541,1633,1702,1863,1541,1150,0
159,8000,0,1,24,2,0,240,0,480,240,0,0
160,35000,1,2,42,0,16100,16450,16800,16450,16800,350,0
161,3000,0,3,48,0,300,0,30,30,30,0,1
162,7500,1,1,23,0,2700,2625,2325,2475,2550,2775,0
163,4500,0,2,29,1,0,0,0,0,0,0,1
164,29000,1,1,41,1,0,0,0,0,0,0,0
165,6700,0,3,35,0,0,0,67,134,0,0,0
166,6700,0,3,28,0,3082,3216,3350,2412,2479,2546,0
167,13300,1,1,50,0,0,0,266,266,0,133,0
168,29200,0,1,27,0,7008,6424,5548,5256,3796,4380,0
169,38500,0,3,43,0,15785,15015,14630,9625,16170,15400,0
170,15000,0,1,47,1,0,0,150,0,0,0,0
171,7000,0,2,24,2,4200,4130,4270,4480,4410,4690,1
172,17300,0,1,24,0,0,0,0,0,0,0,0
173,20000,0,1,42,0,10800,10600,10800,11000,11400,11600,0
174,3300,0,2,44,0,3333,3333,3003,2640,2640,2607,0
175,5000,0,1,21,2,3450,3350,3450,3550,3650,3750,0
176,3000,1,3,29,1,0,0,0,0,0,690,1
177,24500,0,1,42,0,1715,490,0,0,0,0,0
178,10800,1,1,31,0,10692,10800,6156,5724,4536,4428,1
179,33000,1,3,52,0,21780,21780,21780,18150,18150,17820,0
180,25000,0,2,31,0,5250,5250,5500,5500,5750,5500,0
181,7300,0,2,47,0,2628,2628,2482,2482,2482,2555,0
182,10000,0,3,37,2,100,0,200,100,0,100,0
183,9100,0,3,50,0,9009,8827,8918,8190,8554,7826,0
184,4500,1,3,32,0,4320,3915,1980,1170,720,360,1
185,17100,0,2,58,2,9576,9918,10089,10260,14364,15390,0
186,15000,1,2,38,0,10650,10500,8250,7800,4950,600,0
187,28000,0,3,37,0,560,0,840,1960,2240,1120,0
188,16400,0,2,27,0,164,4920,5248,3936,1312,328,0
189,15400,0,3,28,2,154,7700,14938,14938,12628,6468,0
190,1400,0,3,34,2,1498,1582,1456,1400,1358,1204,0
191,10000,0,2,26,0,10200,10300,10300,10100,10100,10200,1
192,5500,1,3,55,0,1430,1540,1595,1650,1705,1980,0
193,3800,1,1,29,0,532,760,836,988,1102,0,0
194,3300,1,2,31,0,2475,2310,1023,990,792,759,0
195,15300,1,2,30,0,306,0,0,612,765,0,0
196,5000,0,2,23,2,4850,5100,3700,2950,2500,150,1
197,35500,1,2,26,0,13490,12780,12070,9585,4615,3550,0
198,20000,1,1,38,0,2000,2200,2400,2600,2600,2200,0
199,3600,0,1,27,0,2484,1872,1908,1944,2016,2088,0
200,5000,0,2,46,0,2700,1050,1050,1000,300,150,0
201,5000,0,3,31,2,4300,4900,5050,4900,2850,2950,1
202,20000,0,1,31,2,200,200,200,0,0,0,1
203,16700,0,2,30,0,2004,2171,2171,2338,2505,2672,0
204,10000,0,1,33,0,600,900,500,600,500,300,0
205,700,1,2,29,0,658,700,658,364,56,0,0
206,50000,1,1,36,0,32500,32500,32500,29500,8500,27000,0
207,14300,0,3,43,0,5005,5148,5434,4862,4862,5005,0
208,5000,1,2,25,3,100,100,100,100,100,100,1
209,6000,0,2,33,0,6120,5940,6060,4080,4080,4020,0
210,28200,1,2,44,2,9306,9588,9588,9870,9870,10998,1
211,16400,0,1,28,0,4592,3936,4592,4428,3936,2952,0
212,9300,1,2,39,0,9021,9207,8928,9021,8556,8742,0
213,9100,0,3,46,0,7735,8099,8554,1274,1365,1547,0
214,45500,0,2,45,1,0,0,455,0,0,0,1
215,15400,1,1,51,1,0,0,0,0,0,0,0
216,26000,0,2,41,0,0,0,0,0,0,260,0
217,9000,0,2,22,0,3510,1710,2610,1080,1260,1530,0
218,3800,0,2,50,2,2964,2888,0,1368,912,1026,1
219,5700,1,1,44,2,7296,6612,6213,3363,5700,0,0
220,3300,1,3,41,0,3135,2970,2673,1287,1287,1287,0
221,27700,1,1,29,0,554,277,0,0,277,277,0
222,9200,0,1,29,2,9016,9016,6992,6624,6716,6624,1
223,42000,0,1,24,0,1680,420,0,2520,1260,1260,0
224,2000,0,2,45,2,1540,1500,1780,1740,1820,1780,1
225,1800,1,2,36,0,1530,1584,1368,1494,1098,1314,0
226,6700,1,3,51,0,10385,0,0,0,0,0,0
227,15700,0,1,31,0,2355,2355,2198,2355,2512,2669,0
228,18000,1,2,39,0,12780,10980,4860,5040,5040,4860,1
229,3600,1,1,30,3,360,432,540,648,756,720,0
230,14700,0,2,33,0,1176,1029,735,735,735,735,0
231,17500,0,2,36,1,0,0,0,175,1050,875,0
232,2100,0,3,51,0,1743,1806,1890,1953,1995,2037,0
233,10000,0,5,35,0,4300,4700,5100,5200,5300,5400,0
234,18200,0,2,27,0,9828,10192,10374,10010,10010,9464,1
235,8000,0,2,42,0,0,4720,0,0,160,160,0
236,21400,0,1,26,0,0,642,642,642,642,856,0
237,2000,0,2,25,0,1580,1680,1760,1780,1040,0,0
238,10000,1,2,29,0,4300,1400,0,0,6200,4900,0
239,41700,1,1,57,2,417,417,417,417,417,417,1
240,4500,0,1,36,2,4275,4185,4455,4365,4320,4365,0
241,7500,0,2,26,2,7425,6375,0,225,225,225,1
242,9000,0,2,34,2,2340,2430,2700,2610,2700,2790,0
243,7300,0,1,31,2,7446,7300,7519,7373,7154,7081,1
244,2000,0,2,31,2,1600,1740,1840,1860,1900,1920,1
245,10700,0,1,43,0,107,0,107,0,0,321,0
246,5700,0,2,28,2,4104,1254,570,171,171,0,0
247,6000,0,2,23,0,3000,2880,2700,2520,2460,2280,0
248,16000,0,1,31,0,160,0,0,1280,1920,0,0
249,4200,1,2,34,0,4032,4116,3360,2184,588,840,0
250,12300,0,1,23,0,5904,4920,4059,3075,2091,984,0
251,35700,0,1,46,0,23205,23562,24276,6069,6069,6783,0
252,3800,1,2,38,2,3876,3686,3610,1596,1482,1520,1
253,2000,0,1,24,2,1680,1700,1620,1620,760,0,1
254,16900,0,1,26,0,1014,1183,1352,1014,1014,1183,0
255,12700,1,2,46,0,7747,7874,8128,8255,8382,8509,1
256,3800,1,2,25,0,3762,3838,3534,2052,2166,2204,0
257,13100,0,2,32,0,131,0,0,0,0,0,0
258,18300,1,3,42,0,915,2928,1281,549,1098,2928,0
259,32000,0,2,39,0,320,640,0,320,0,1600,0
260,8000,1,1,31,0,8000,8080,7600,7840,7840,7360,0
261,10000,0,3,25,0,8400,8700,8900,7500,3600,0,0
262,17100,0,1,31,2,1197,0,171,171,0,171,0
263,900,0,2,31,0,702,801,873,891,441,126,0
264,5400,0,2,45,0,5076,5184,1944,1998,2052,1296,0
265,12900,0,2,26,0,13029,7998,5547,0,129,645,0
266,14300,0,3,60,1,0,0,0,0,0,0,1
267,9100,0,1,33,2,8372,8554,8645,6825,6006,7098,0
268,6400,1,1,70,2,0,64,0,0,0,0,0
269,29300,1,1,35,3,0,0,0,0,293,293,1
270,2700,1,3,57,0,1728,1809,1917,1944,1971,2025,0
271,24000,1,2,41,0,480,480,1200,240,240,240,0
272,30000,1,1,30,2,0,300,0,300,300,1500,0
273,16900,0,1,27,0,5070,4394,2873,676,338,1014,0
274,21400,0,1,24,0,0,0,0,0,0,0,0
275,700,1,2,19,0,658,553,651,665,679,700,0
276,11500,0,2,31,0,0,0,0,0,2875,2990,0
277,1000,0,2,25,2,540,650,750,850,900,920,0
278,29000,0,1,35,0,27550,20010,19140,14500,13920,11600,0
279,30000,0,1,36,2,7500,7200,6900,5400,4800,1500,1
280,15700,0,2,29,2,2041,2512,2355,2041,2041,2041,0
281,12300,0,2,33,2,2583,1107,-246,123,246,123,0
282,8600,0,3,37,0,8428,8428,8600,8600,8428,8686,0
283,24000,0,2,33,0,0,0,0,0,0,0,0
284,32000,0,3,22,0,6720,6720,6720,7040,7040,7040,0
285,2000,0,3,38,2,1900,2040,1940,1980,1980,2040,0
286,4500,0,2,21,0,3915,3780,2700,2700,2745,2745,0
287,25000,1,1,31,0,0,500,750,1000,1000,1000,0
288,14300,0,1,33,0,143,858,0,143,0,0,0
289,2300,1,2,24,0,23,23,69,69,0,0,1
290,4200,1,2,36,0,4200,3906,4032,4116,2184,2184,1
291,2000,0,3,39,2,1860,1840,1900,1980,2000,1960,1
292,2700,0,3,45,2,2943,2646,2430,2106,1674,1377,0
293,2300,1,1,38,2,1449,1472,1587,1196,1817,1587,1
294,25000,1,1,44,0,1000,5250,2000,3250,1500,750,1
295,26000,0,3,35,2,11960,11440,12220,13000,13260,13520,1
296,23100,0,1,40,0,231,231,0,0,0,231,0
297,37300,1,1,35,0,373,1119,746,0,373,373,0
298,11400,0,1,33,2,114,0,114,114,114,114,1
299,3000,0,5,45,2,2940,3060,3090,3060,3120,2940,1
300,800,0,1,36,0,608,680,704,728,624,600,0
301,17000,0,2,34,0,0,0,0,0,0,0,0
302,16700,0,1,30,0,12358,12692,13026,13360,13360,13694,0
303,5300,0,2,59,0,5353,5247,5194,5353,3339,3339,1
304,2000,1,2,56,2,740,820,940,1040,1120,1060,0
305,16700,0,2,30,0,2004,2171,2171,2338,2505,2672,0
306,26900,1,1,41,0,0,269,0,0,0,538,0
307,13600,0,1,52,0,1224,1632,1632,2992,2312,1496,0
308,3600,0,2,34,0,3528,2772,1944,1980,1980,2088,0
309,3800,1,1,33,2,3344,3610,3078,3382,3686,3800,0
310,11500,0,1,30,0,6210,6325,6440,6670,6785,7475,0
311,6700,0,2,59,2,4824,5427,5293,5695,6030,6164,1
312,4500,0,3,53,0,4320,4410,3420,0,945,0,0
313,10800,0,1,26,2,6696,6480,6696,6804,6912,7128,1
314,33300,0,3,49,2,333,666,0,0,0,0,1
315,11500,0,1,38,0,2070,3220,2760,2645,2530,460,0
316,28000,0,1,40,0,280,1400,840,840,560,280,0
317,19200,0,1,37,2,15552,15936,16320,16512,16896,17280,1
318,14300,0,1,32,0,0,143,286,143,0,0,0
319,1300,0,2,25,0,52,26,65,78,-13,-13,1
320,20900,0,2,25,0,2926,3135,3344,3553,3344,5016,0
321,4600,1,2,42,0,1426,1518,1610,1748,1840,1978,1
322,3300,0,2,23,2,3069,3135,2409,33,2871,2937,0
323,6700,0,2,32,0,6566,6566,5695,5695,4690,4154,0
324,17100,1,1,41,0,171,171,171,171,171,171,1
325,12700,1,3,46,0,6858,6096,5207,4699,4445,3556,0
326,10800,0,2,39,1,0,0,108,108,0,0,1
327,20000,0,2,40,0,200,0,0,0,200,0,0
328,27300,0,5,31,0,819,0,0,0,0,0,0
329,8000,0,2,57,2,8240,0,0,0,0,0,1
330,27900,0,3,36,0,25389,25947,26784,18135,18414,18693,1
331,26700,1,1,32,0,5874,7476,8010,8811,9345,10146,0
332,8200,1,2,34,0,7872,7790,7954,8118,4510,4428,1
333,16700,0,1,36,0,167,167,668,0,1002,4175,0
334,15700,0,1,31,0,2355,2355,2198,2355,2512,2669,0
335,20000,1,1,34,2,15000,15600,16200,17400,15600,13000,1
336,12300,1,0,45,0,0,123,246,492,246,369,0
337,13300,1,2,32,0,0,133,0,133,133,266,1
338,7100,0,1,30,0,0,2556,213,0,0,0,0
339,31800,1,2,33,0,20988,20988,21306,19080,19080,17490,0
340,11300,0,1,47,0,113,0,113,226,339,0,0
341,16700,1,3,41,0,1670,0,334,0,0,0,0
342,15000,0,2,30,0,3750,3750,3900,4050,4050,4200,0
343,32500,0,2,32,0,975,0,325,325,325,0,0
344,6200,0,2,31,2,2790,2852,3162,3100,3162,3286,0
345,4200,0,3,22,0,2268,2268,2268,2226,2184,2184,0
346,15000,0,2,52,0,1200,2850,3450,1950,2550,1350,0
347,7300,0,2,31,2,0,0,0,0,0,0,1
348,2000,0,2,27,0,1520,1620,1720,1820,1860,2020,0
349,21800,1,1,46,2,6104,6322,6322,6540,6758,6758,0
350,20000,1,2,37,0,200,400,400,200,600,0,0
351,3800,0,1,20,0,114,0,38,38,0,76,0
352,1700,0,2,21,2,1564,1105,1071,1207,1207,1377,0
353,18200,0,1,39,0,182,182,364,364,182,728,0
354,27500,1,1,48,0,0,0,0,0,0,0,0
355,20700,0,1,32,0,3105,1242,1035,1035,621,0,0
356,10000,0,3,68,0,8900,9100,8400,8600,8800,8900,0
357,4500,1,2,54,2,4320,4230,2430,2475,2520,2475,0
358,15000,0,1,31,0,3300,3600,4200,5700,2700,2850,0
359,5000,1,5,46,0,3700,3150,2800,2100,950,1000,0
360,3300,0,3,28,0,3102,3201,3267,462,462,462,0
361,4600,1,2,31,2,92,92,46,46,4508,460,0
362,9300,1,2,28,2,2232,2325,2511,2511,2697,2697,0
363,4500,0,1,28,0,2160,2025,1845,900,900,855,0
364,15000,0,2,28,0,6000,6150,6150,6450,6450,6600,0
365,10000,0,2,36,0,7700,7800,8100,8100,8300,8500,0
366,4500,0,1,37,0,0,135,0,0,45,45,0
367,2300,0,1,32,2,2116,2208,2070,2047,1840,1794,1
368,28000,1,1,47,5,32760,32200,31360,17640,15400,13440,0
369,1400,0,1,28,0,1036,1064,1232,1358,1302,1400,0
370,15400,1,1,40,0,770,0,770,0,0,0,0
371,4200,0,2,26,0,84,0,84,42,42,42,1
372,6400,1,1,31,2,128,64,0,192,0,0,0
373,1400,1,3,21,0,126,448,476,294,280,182,0
374,30000,1,2,30,0,0,300,0,0,0,0,0
375,17700,0,2,29,2,0,0,0,0,0,0,0
376,2500,1,2,30,2,1450,1200,1425,1650,1875,2075,0
377,22900,1,2,46,0,0,458,229,458,0,0,0
378,1800,1,2,22,0,1602,1692,3420,1656,1476,1548,0
379,7100,0,3,55,1,0,0,0,0,0,0,0
380,13600,1,1,26,0,4216,1904,8296,952,0,0,0
381,12100,1,2,34,0,3993,4114,4235,3993,3872,3630,0
382,22300,1,1,30,2,1784,4014,3791,5352,5129,3345,0
383,3100,0,2,24,2,3162,3162,3131,3038,3193,3162,1
384,9300,0,1,32,0,0,7068,6975,6975,6975,7068,0
385,3600,0,3,43,0,144,72,0,540,720,792,0
386,25000,0,1,47,0,4250,1000,5000,2000,5500,4500,0
387,5000,1,1,31,0,4450,4600,2100,1650,150,0,0
388,13800,0,1,32,0,0,0,0,0,0,0,1
389,25500,0,1,25,0,23970,21420,18105,17595,17595,17085,0
390,2000,0,5,20,0,920,700,1320,1740,1780,1820,0
391,16000,0,3,36,0,0,160,0,0,0,0,0
392,8300,0,2,32,2,2490,2573,2573,2656,2573,2739,1
393,15800,1,2,59,2,12324,11218,11692,11850,9480,9638,0
394,11500,0,1,33,2,9775,18975,9660,9890,10235,10695,1
395,26700,1,1,38,0,12282,10680,9345,6942,6408,2136,0
396,38500,1,1,31,0,5005,5005,5005,3850,3080,2310,0
397,5300,1,2,28,0,795,795,848,954,954,265,0
398,25400,0,1,49,0,762,254,254,254,0,254,0
399,12000,0,3,40,0,120,120,120,120,120,120,1
400,19200,0,2,30,1,0,192,384,576,576,768,0
401,4600,0,2,21,0,3726,4048,4186,4278,4370,4462,1
402,3800,0,1,25,0,3192,3496,3458,3458,3116,2964,1
403,14300,0,2,36,0,143,286,286,1001,1001,1144,0
404,20000,0,1,41,0,1600,600,600,800,1000,400,0
405,16700,1,2,37,2,4342,4175,2672,2338,2338,2672,1
406,21500,1,2,30,2,19565,19995,21285,21715,21285,18060,1
407,32000,0,2,39,0,320,640,0,320,0,1600,0
408,22000,0,3,44,0,2200,2200,2420,2420,2420,2420,0
409,8700,0,2,34,0,1740,1827,1914,1914,2001,-174,0
410,12300,0,2,48,0,5904,6027,1476,1476,1476,1599,0
411,4500,0,2,29,0,3240,3285,2790,1305,0,0,0
412,3600,0,2,22,0,108,108,108,468,360,36,0
413,5400,1,3,47,2,4806,5184,5292,5184,5130,5238,1
414,12000,0,2,40,0,240,0,120,0,0,0,0
415,8000,0,2,33,3,7200,7280,7360,7200,7360,7440,1
416,24500,0,2,28,0,2940,4655,6370,6125,1470,2450,1
417,12500,0,3,39,0,875,500,500,625,1500,1125,0
418,11400,0,2,27,0,3762,3648,2850,2736,2850,2964,1
419,7900,0,1,38,2,3792,3950,3792,3713,3792,4029,0
420,8300,1,1,42,2,7387,7138,5976,5478,5312,1577,0
421,15300,0,2,39,0,0,1224,306,612,459,612,0
422,12000,1,1,25,0,0,0,0,3720,120,0,0
423,31800,1,2,33,0,20988,20988,21306,19080,19080,17490,0
424,9000,1,2,29,0,3510,3600,3510,3690,3600,3690,0
425,3300,0,2,39,0,330,33,1122,1122,1155,1188,0
426,14300,1,2,32,0,1144,1287,1144,1144,1001,1144,0
427,17300,0,2,38,1,0,0,0,0,0,0,0
428,36000,1,2,61,1,0,0,0,0,360,360,1
429,4000,0,3,46,2,2640,2160,1960,1960,2000,2000,0
430,26000,1,1,33,0,1820,2860,3120,3380,3380,3380,0
431,18200,0,2,27,0,546,546,728,728,364,546,0
432,1800,0,3,31,2,1350,1314,1710,1728,1746,1314,1
433,8000,1,2,33,0,7920,7600,4960,5040,4720,4720,0
434,19100,1,2,30,0,3056,3056,3056,3056,3056,3247,1
435,2500,0,3,27,0,2275,2250,2225,2325,2400,2475,1
436,24600,0,1,41,0,15252,15498,7872,4920,4920,5166,0
437,16000,0,2,31,2,13280,14080,13760,14560,14080,14080,1
438,16000,1,3,35,0,800,640,640,640,2080,1600,0
439,17700,0,2,37,0,177,177,531,177,177,177,0
440,20900,0,3,47,0,20482,17138,14630,15048,13794,13376,0
441,39200,1,2,39,0,1176,1176,2744,1568,1176,784,0
442,15700,1,1,32,0,157,157,0,0,0,628,0
443,10700,0,3,48,0,10914,10700,10914,10807,10807,10807,0
444,10000,1,2,25,2,9900,10100,10300,10400,10100,9800,1
445,9200,0,1,28,2,0,0,0,0,0,0,1
446,7300,0,2,42,2,4891,4818,5037,5183,5256,5329,1
447,25000,0,1,33,0,750,250,250,250,500,750,0
448,1400,1,1,35,3,826,1036,1232,1190,1106,2002,0
449,7900,1,2,53,0,7979,4977,3713,3713,3555,3634,0
450,9100,0,1,25,0,2639,1729,1638,1092,637,0,0
451,25000,1,2,43,2,23750,24250,24000,24250,24000,24500,1
452,20000,0,1,28,2,400,200,200,0,400,200,0
453,21700,0,1,44,1,0,434,0,651,5208,651,0
454,1400,1,1,38,2,770,868,840,966,938,1134,1
455,41700,0,1,36,0,3336,5004,4170,2502,2502,834,0
456,13600,1,3,35,0,13464,13736,13056,12512,3264,136,0
457,38300,0,1,27,0,0,0,0,0,0,0,0
458,700,0,3,46,0,686,700,525,651,672,686,0
459,8500,0,2,29,0,8500,8500,3060,3145,3230,3315,0
460,10700,0,2,25,4,6955,6741,6527,6634,6634,1070,0
461,14000,1,2,25,0,13720,13160,9380,8120,7980,7560,0
462,1300,0,2,31,0,364,429,494,546,559,585,1
463,13600,0,1,29,0,10744,9248,9384,9928,8840,8976,0
464,3800,0,3,44,2,2242,2318,2356,1938,1900,1482,0
465,21400,1,1,38,0,20972,21614,22042,21828,21186,20758,0
466,33800,1,1,61,0,32786,33124,31772,27378,27716,26026,0
467,17000,0,1,26,2,9860,10200,10370,10880,10200,10030,0
468,14000,0,1,41,2,14280,13580,12880,12320,9800,9940,0
469,5000,0,2,39,1,4900,-150,-150,-200,-100,0,1
470,6700,1,3,34,1,0,268,67,0,0,0,0
471,5700,0,2,27,0,1824,1767,1767,342,399,399,0
472,20800,1,2,45,2,14352,13728,13936,14352,14352,14768,1
473,12100,0,2,36,2,242,363,121,605,363,242,0
474,23100,1,2,30,0,0,0,0,0,0,0,1
475,15000,0,2,35,0,5250,5400,5550,5850,5700,5700,0
476,5300,1,2,33,1,0,0,53,2756,0,0,0
477,7700,1,2,49,0,1694,1771,1848,1925,2002,2079,0
478,19100,0,1,54,0,191,0,0,0,0,0,0
479,21800,0,1,38,0,0,0,0,0,0,0,0
480,20000,1,1,67,0,12200,12400,12600,12600,12200,12400,0
481,10000,1,1,38,0,3000,3000,3100,3300,3400,3500,0
482,9200,0,2,40,2,460,552,736,736,644,644,0
483,18200,0,2,26,3,16744,16562,16562,15834,16562,16198,1
484,24000,0,1,33,0,240,0,0,0,0,0,0
485,8300,0,2,46,0,8134,6142,5976,6059,6142,6225,0
486,3000,1,1,28,2,60,120,60,720,600,780,1
487,18000,0,1,41,0,2880,1440,1620,0,2880,900,0
488,22900,1,2,56,0,16946,15572,14656,8473,2748,2061,0
489,3800,1,3,27,2,4142,4028,4104,3876,3914,3724,0
490,3600,1,2,21,0,1116,1188,1260,1332,1368,1332,1
491,8500,1,2,25,2,1785,2125,2040,2635,3400,3485,1
492,50000,1,1,54,0,11000,1000,1000,500,1000,0,0
493,14500,0,3,28,0,3480,3480,3625,3625,3480,3480,0
494,13100,0,1,64,0,4192,4323,4454,4585,4716,4847,0
495,37300,1,2,46,0,373,373,1119,373,373,373,0
496,50000,0,3,42,0,1000,1000,0,2500,500,4500,0
497,20000,1,1,25,0,0,0,0,0,0,0,0
498,2700,0,1,23,0,2781,27,2592,2187,2484,2538,1
499,40000,1,1,31,0,3200,2800,4000,2800,2400,4400,0
500,20000,1,1,30,0,1000,0,0,0,0,200,0
501,9200,0,3,37,1,0,0,0,0,0,0,1
502,6200,1,2,27,0,6386,0,0,0,0,0,0
503,20900,0,1,36,0,209,418,209,418,418,627,1
504,4500,1,1,58,0,4545,4590,4500,1800,1800,1800,0
505,20800,0,2,37,0,4784,4576,4576,4160,3952,4160,0
506,10700,1,2,31,2,3745,4066,3745,4066,4066,4066,0
507,13100,0,1,35,0,0,0,0,0,0,0,1
508,3600,0,2,30,2,1764,1944,2052,2088,2232,2196,0
509,34500,1,1,47,2,34500,34500,32430,27945,49680,27945,1
510,1800,1,3,25,0,1008,990,1062,864,828,0,0
511,4000,1,2,44,2,4000,4040,3960,2000,1840,1760,1
512,5000,1,2,38,0,4950,4900,4550,3350,3350,3150,0
513,24000,0,1,24,0,0,0,0,0,720,0,0
514,3600,0,2,22,2,360,360,432,504,540,648,0
515,9100,1,1,34,0,3913,546,364,2093,1911,819,0
516,900,1,3,47,0,648,738,729,936,0,0,0
517,10000,1,1,29,2,11000,10700,11400,11700,10800,9600,1
518,13300,1,2,42,0,6384,6118,6650,6650,6783,7182,0
519,11500,1,3,46,0,2185,1150,1150,0,1150,0,0
520,2500,1,6,48,0,2450,2500,2450,2350,2400,2400,0
521,4500,0,2,40,0,4275,4365,4005,3915,1710,1395,1
522,12500,0,2,25,0,9000,9000,3625,375,250,375,0
523,6400,0,2,31,0,832,704,512,320,1280,1152,0
524,1400,0,1,21,0,840,364,-28,-56,-56,56,0
525,2900,1,5,36,0,2668,2726,1363,-58,2378,899,0
526,1300,1,3,62,0,1066,1131,1196,1261,1209,1235,0
527,14000,1,2,39,0,2240,2380,2660,2800,2940,980,0
528,11500,0,1,32,0,575,0,460,460,575,1035,0
529,16400,0,2,36,0,164,820,164,164,0,0,0
530,5700,1,4,32,0,4218,969,0,0,0,0,0
531,3600,1,2,36,0,3600,3384,2988,2952,2124,2160,0
532,13000,1,2,37,0,13130,10270,0,0,0,0,0
533,18300,0,1,32,0,183,915,1464,1830,915,366,0
534,7000,0,1,28,0,2800,2450,2520,2590,1470,1470,0
535,2500,0,2,57,0,3250,2450,2775,2500,2250,2450,1
536,22700,0,2,27,0,3859,4767,5448,908,1589,4767,0
537,15400,1,1,48,0,2156,462,154,616,308,3388,0
538,24000,0,1,36,2,0,0,0,0,0,0,1
539,4500,0,3,47,1,0,0,0,0,0,0,0
540,24600,1,2,33,0,984,1230,1476,1476,1476,1476,0
541,17500,0,3,36,0,6650,2100,2275,2625,3150,3675,0
542,15300,0,3,53,0,153,153,153,153,306,153,0
543,8700,0,1,29,0,8613,8787,8526,8700,8526,8439,0
544,20900,0,3,36,2,627,418,418,0,0,0,0
545,33300,1,1,39,1,666,666,11988,10989,10656,8991,0
546,9200,0,1,47,0,2208,2208,2300,2392,2484,2484,0
547,5000,0,3,49,0,250,50,50,50,50,350,0
548,45500,0,1,43,0,3185,-2275,2275,1820,-455,1365,0
549,3600,1,2,48,0,2700,2592,2628,1188,1224,1260,0
550,22900,1,1,35,2,7557,8244,8473,8473,8702,8931,0
551,14000,0,2,57,0,12320,8540,8960,8260,1680,560,0
552,5000,1,2,39,2,1950,2250,2150,2150,2150,2100,0
553,32100,1,3,39,2,10914,9309,7062,5457,4494,2568,1
554,2700,1,2,30,0,1998,2079,2187,2214,2268,2322,0
555,8000,0,2,22,0,2560,2800,2480,2560,2560,2640,0
556,14300,1,1,33,0,429,572,1001,143,715,2860,0
557,30000,0,2,31,0,12000,12300,12600,12900,12900,13200,0
558,12000,1,2,31,0,120,240,0,0,120,120,0
559,8700,0,2,27,2,6612,6438,6612,6351,6090,6090,1
560,2300,0,3,47,2,897,966,920,989,1081,1104,1
561,7700,0,1,35,2,2926,2849,3080,3080,3157,3234,1
562,20000,0,2,45,0,0,0,0,0,0,0,0
563,1700,0,2,19,0,1326,1530,1581,1632,1632,1700,0
564,23100,0,2,35,0,924,1386,1155,924,231,231,0
565,8700,0,2,39,0,87,174,0,174,0,174,0
566,11800,1,3,36,2,6490,6254,6726,6608,6962,6844,0
567,10000,0,1,34,1,0,100,200,200,200,0,1
568,9300,0,1,26,0,8463,8649,8835,17763,9114,8556,0
569,1800,1,2,26,0,1638,1710,1764,0,0,0,0
570,12300,0,2,28,0,861,0,0,369,0,0,0
571,23300,1,1,43,0,0,233,4427,466,1864,233,0
572,3800,0,2,39,2,3610,3762,3838,950,760,874,0
573,3800,1,2,54,0,3838,3762,3800,1558,1520,1558,0
574,6700,0,1,31,0,2412,2211,1943,1943,1876,1809,0
575,3300,1,3,42,2,528,759,594,561,561,1320,0
576,16000,0,1,32,0,12480,11200,11200,11040,11040,11040,0
577,41700,0,2,41,0,10842,8757,7506,6255,5421,3753,0
578,23100,1,1,36,0,231,0,0,0,0,0,0
579,20000,0,1,32,0,1200,400,400,200,400,200,0
580,9200,1,2,51,2,4784,4876,4876,4968,5060,5152,1
581,22700,1,1,26,0,4767,4767,4994,4994,4994,5221,0
582,22900,0,2,34,0,0,229,0,687,687,916,0
583,10000,0,2,30,2,10100,7900,8100,8300,8800,9100,1
584,30800,0,1,31,0,616,308,308,308,2772,3080,0
585,2000,1,2,45,2,1940,1960,1980,2020,1980,1980,1
586,20000,1,1,49,0,200,0,200,0,600,200,0
587,5000,1,2,59,0,2850,2550,2450,2250,1900,1550,0
588,9100,1,2,47,2,2730,2821,2821,2821,2821,2912,1
589,4200,1,2,51,0,294,336,378,462,546,588,1
590,2000,0,3,22,0,320,980,420,200,100,260,0
591,20000,0,1,27,0,6600,2200,0,200,200,0,0
592,5400,0,2,34,6,2430,2592,2754,2916,3078,3186,1
593,1800,0,1,21,2,1944,1980,1908,666,0,0,1
594,2100,0,3,31,2,924,882,1050,1008,1092,1050,0
595,1700,0,3,29,0,1156,1275,1445,1139,680,68,0
596,9300,1,3,41,0,93,465,93,93,186,93,0
597,1700,0,2,26,3,1088,1037,1122,1088,1173,1139,1
598,3600,1,1,32,0,1188,3420,3528,1440,1476,1512,0
599,11500,0,3,42,0,2300,2415,1955,2415,115,0,0
600,28600,0,2,30,0,28600,28600,28886,25740,25454,26026,0
601,7700,0,2,36,0,1617,1309,1232,616,462,539,0
602,6900,1,2,42,0,3450,3519,3450,3519,3519,3588,0
603,5000,0,3,28,2,1800,1000,1050,850,750,650,0
604,8700,0,1,31,1,0,0,261,0,0,87,0
605,7500,0,3,29,0,300,525,300,750,450,600,1
606,15000,0,1,36,0,0,0,0,0,0,0,1
607,2000,0,2,51,2,960,1160,1220,1260,1340,1420,1
608,23000,0,3,35,1,0,0,0,0,230,0,0
609,9200,0,2,56,2,7912,7912,7636,7728,8096,7820,1
610,31800,0,1,31,0,8904,7950,6996,6360,5406,4452,0
611,6400,1,3,37,2,4352,4480,4544,4608,4736,4800,0
612,3600,0,2,26,2,3708,3672,3636,3600,3888,3708,0
613,9000,0,2,26,2,9810,10080,8910,8280,5400,4860,1
614,19200,0,1,27,2,384,960,576,384,192,384,0
615,35500,0,2,45,0,15620,15975,16330,16330,16685,17040,0
616,3100,0,2,25,2,2139,1798,1705,1798,1581,1612,1
617,5000,1,2,48,0,4800,4950,5000,4900,1650,1600,0
618,6200,1,2,34,0,6262,6014,3162,1860,496,2542,0
619,40900,0,1,35,1,409,0,0,0,0,818,0
620,1000,0,1,22,2,570,670,790,710,830,800,0
621,4500,0,2,22,2,4185,3105,2430,2520,2655,2430,0
622,1000,1,2,46,0,890,980,930,1820,930,0,0
623,4500,1,2,45,0,4005,4095,4230,1530,1575,1575,0
624,10700,1,1,32,0,8239,8453,8667,8881,8881,7062,0
625,16400,0,2,29,2,15744,16728,15416,13940,12464,12792,1
626,6200,0,2,38,0,0,0,0,0,0,0,0
627,23000,0,2,29,0,0,6440,5980,6210,5980,7130,0
628,29000,0,1,21,0,1160,0,0,0,290,0,0
629,8300,0,2,46,1,0,0,0,0,0,0,0
630,3800,1,2,39,0,3610,3686,3800,3648,3724,3838,0
631,6000,0,2,27,0,1020,780,960,1020,1020,1200,0
632,9000,1,2,25,2,3330,3510,3780,3870,4410,3600,1
633,2300,0,3,35,2,2093,2024,2208,2139,2300,2254,1
634,15400,1,2,57,2,14168,14014,13860,13860,5852,5544,0
635,30000,0,2,42,0,4200,7200,1800,1500,300,5700,0
636,14300,1,1,47,3,12584,12870,12727,12727,13013,13728,1
637,19100,0,1,43,0,764,0,1337,0,0,0,0
638,50000,0,1,38,0,500,500,500,0,1000,0,0
639,30000,0,2,27,0,20100,12000,9600,8700,7800,7200,0
640,18200,1,2,42,0,18200,17654,16744,14014,14196,14378,0
641,2000,0,1,23,0,1480,1560,1560,1540,1560,1660,0
642,6200,0,3,28,0,248,248,248,248,248,372,0
643,3300,1,3,45,0,3201,3234,3168,3168,528,462,0
644,13800,1,1,37,0,21114,21666,18492,9384,-138,138,0
645,5700,0,1,26,2,2736,2907,2964,2964,3078,3078,1
646,12500,1,3,41,0,125,125,250,750,375,0,0
647,700,0,3,58,2,511,686,665,700,679,700,0
648,8000,1,2,55,0,5440,5520,5680,5760,5920,6000,0
649,23800,0,1,38,2,238,0,714,476,1190,952,0
650,6700,1,2,36,0,3618,1340,804,536,1273,2412,0
651,18200,0,2,44,0,17472,17836,18382,16016,13468,13468,0
652,30000,1,1,43,0,600,7200,4200,600,600,300,0
653,5000,1,3,48,2,4850,4950,4950,1950,2000,2000,0
654,5000,0,1,28,0,400,150,200,350,300,100,0
655,10800,0,2,23,0,10908,10584,10800,6048,3780,3888,0
656,5000,0,2,39,0,4650,4800,4950,5050,1400,1400,0
657,6000,0,1,29,0,120,0,0,0,0,0,0
658,10700,1,1,42,2,8346,8132,8881,8667,8881,9416,1
659,8000,0,2,30,2,5680,5600,5200,5280,5360,5280,1
660,1000,0,2,20,0,110,270,80,90,360,0,0
661,35500,1,2,37,0,16330,16685,17040,17395,18105,18815,0
662,29100,0,2,38,0,8730,9021,9021,18915,19497,19788,0
663,2300,0,3,56,2,2668,2760,2898,2553,2162,1564,0
664,15300,0,3,41,0,2295,0,0,0,459,0,0
665,21400,0,1,32,0,214,214,0,856,214,4066,0
666,21400,0,1,40,0,856,214,642,8132,4494,1498,0
667,20000,1,2,33,0,0,0,600,800,800,1400,0
668,1400,1,1,29,3,1148,1106,1274,1232,1288,1386,1
669,2000,0,2,31,1,0,0,0,0,0,0,1
670,14200,0,2,28,0,13774,13632,13916,13490,13916,13490,0
671,16400,0,2,36,0,1804,0,0,0,0,0,0
672,13000,0,3,49,0,13260,-130,-130,-130,-130,-130,0
673,2000,0,2,25,0,1720,1860,1940,2020,2000,0,0
674,3600,0,2,53,2,540,576,648,792,828,756,0
675,4200,1,2,24,2,4116,4116,4074,3612,2562,2478,1
676,16200,1,2,46,0,6318,6480,4374,4374,4536,4536,0
677,10000,0,2,32,0,9800,9700,9900,9900,10100,9600,0
678,25700,1,1,40,1,0,0,0,0,0,0,1
679,18600,1,2,30,0,10788,10602,10788,9672,8928,7626,0
680,11500,0,3,28,2,230,575,690,690,805,805,0
681,36700,0,2,26,0,34498,34131,32663,30828,21653,21286,0
682,14300,1,2,23,1,0,0,0,143,3432,3575,1
683,19300,0,2,55,2,0,0,193,0,0,0,1
684,15400,1,2,39,2,14938,15092,14014,10164,10164,10626,1
685,2000,1,6,56,0,120,0,0,0,0,0,1
686,5700,1,1,27,2,5472,5814,5187,3990,3819,3876,0
687,5700,0,2,26,0,5529,5529,4731,3990,4047,4161,0
688,42000,0,2,38,0,1680,1680,1680,1680,2100,2520,0
689,2300,1,2,21,3,2001,1932,2139,2070,2346,2277,1
690,14000,1,2,46,3,10360,10640,10640,10780,10920,10780,1
691,11300,1,1,40,0,3729,3277,2825,2486,2373,2034,0
692,9300,1,2,32,0,8835,8928,8742,7161,5859,5673,0
693,9300,0,2,22,0,9393,3162,930,837,837,744,0
694,12900,0,3,35,0,645,387,0,8643,6450,6579,0
695,3600,0,1,26,2,3672,3744,3672,3672,3672,3564,0
696,23600,0,2,35,0,944,708,3068,3304,1888,2832,0
697,31800,0,2,32,0,26712,30846,16218,16536,17808,19398,0
698,13800,0,1,38,0,0,552,1380,1104,138,138,0
699,26700,0,2,47,0,534,801,1068,1068,2937,534,0
700,61800,0,1,33,0,3708,0,1236,2472,618,15450,1
701,14500,0,1,26,0,290,290,1015,725,435,290,0
702,18300,1,2,31,0,7503,7503,6405,5490,4575,3660,0
703,26000,0,2,30,0,6500,6760,6500,5980,5980,5980,0
704,3800,1,2,43,2,3382,3458,3382,3420,3496,3686,1
705,45500,1,1,34,0,2730,2275,2730,3185,455,455,0
706,10700,0,2,37,2,2033,2461,2461,2889,2889,3317,1
707,10700,0,3,40,0,10165,9523,9630,9737,8560,8346,0
708,3600,1,1,26,0,1044,1116,1188,1260,1260,1296,0
709,19300,0,1,29,0,193,0,0,0,386,0,0
710,10800,0,2,23,0,7020,7020,5184,3996,2484,1296,0
711,8000,0,3,30,0,1520,1760,1920,2160,2480,2720,0
712,31500,0,1,31,0,0,630,0,315,0,0,0
713,28600,1,1,35,0,0,0,0,1430,1144,572,0
714,6200,0,2,35,1,0,0,124,124,186,124,0
715,3800,1,2,31,2,1368,950,1102,1140,1216,1178,0
716,10900,0,1,38,0,4687,2725,2289,2725,2507,1308,0
717,30900,0,1,60,0,46350,47586,48513,42333,42333,42951,0
718,19100,0,1,32,0,764,573,764,382,191,0,0
719,19100,0,2,42,0,17381,15471,15853,14134,14134,10505,0
720,36000,1,1,26,2,360,0,0,0,0,0,0
721,1800,1,2,26,3,702,666,648,756,720,684,0
722,15000,1,2,42,0,13650,14100,14250,13350,13800,12600,0
723,45500,1,2,38,0,0,2275,0,910,455,455,0
724,27700,0,2,28,2,0,0,0,0,0,0,0
725,11000,0,1,38,2,3300,3630,3630,3630,3740,3850,0
726,1300,1,2,35,0,143,143,104,52,143,104,0
727,700,1,2,33,0,644,539,665,700,707,693,0
728,3600,0,3,46,0,288,432,540,612,684,792,0
729,1400,1,2,24,2,1330,1274,1288,1344,1372,1176,0
730,16700,1,2,36,0,334,334,334,334,334,334,1
731,23300,0,2,25,0,0,0,233,0,932,699,0
732,10000,0,4,23,0,1800,1600,1600,1800,1900,1900,0
733,12900,1,2,23,0,6708,4257,4386,4128,4386,4386,0
734,5400,0,3,28,0,5508,5562,5508,3942,3942,3888,0
735,2500,1,2,28,0,75,75,25,25,25,0,0
736,23800,0,3,36,0,952,1190,1428,1666,2142,2380,0
737,10000,1,3,37,0,8300,7200,800,800,100,0,0
738,33600,1,1,37,0,26880,27888,27888,20496,21168,20160,1
739,2300,0,1,46,2,1909,2024,2139,2277,2346,2300,1
740,7300,0,2,41,0,6643,6497,5402,3650,3723,3796,0
741,13300,1,2,27,0,1995,1995,1729,1463,1064,798,0
742,7900,0,1,31,0,79,158,237,0,0,0,0
743,24000,1,1,42,0,0,1920,720,1200,0,0,0
744,19300,1,2,30,0,2895,772,579,386,11966,11966,0
745,11500,0,2,45,0,10810,10120,10465,10695,10810,10695,0
746,28300,0,2,37,0,566,0,0,0,0,0,0
747,7500,0,2,53,0,300,0,0,0,0,675,0
748,3000,0,2,54,2,2250,2520,2460,2790,2730,2970,0
749,21000,0,1,40,0,21210,20580,20160,16800,17220,17640,0
750,3000,0,2,48,0,3030,3120,1350,1380,1410,1440,0
751,18000,1,1,39,0,0,0,0,0,0,0,1
752,32700,0,3,40,0,3924,4251,3597,3270,2943,327,0
753,3000,0,3,53,0,1500,1320,1380,1080,930,900,0
754,8000,1,2,56,0,6640,6000,5360,4800,4320,4400,0
755,1000,0,3,44,5,870,840,810,780,860,830,1
756,24000,1,2,31,0,19440,19920,20640,20640,12240,13680,0
757,32700,1,3,51,0,0,0,0,0,0,0,1
758,9200,0,1,21,0,92,0,0,0,0,0,0
759,33300,1,1,33,0,666,666,999,1332,1665,1665,0
760,30000,0,1,30,0,-600,-900,-1500,1200,0,600,0
761,7900,0,2,25,2,6873,7663,7426,5451,5530,5688,0
762,4300,0,3,51,0,344,387,602,301,301,172,1
763,20000,1,1,26,2,20400,19800,19800,20000,19400,8000,0
764,4300,1,2,27,2,731,860,774,817,774,817,1
765,4500,1,2,50,0,3825,3915,3825,585,585,630,1
766,5300,1,2,51,0,5353,5141,5141,5300,3339,3286,1
767,15000,0,1,24,0,150,2400,2100,1950,1800,1200,0
768,23600,0,2,41,1,0,1652,0,0,0,0,0
769,10000,1,1,53,1,0,0,-100,100,0,100,1
770,8500,0,2,29,0,255,340,340,425,425,510,0
771,35700,0,1,42,1,0,0,0,0,357,0,0
772,16700,1,1,62,2,2338,2338,2505,2505,2672,2672,0
773,27000,0,1,40,0,1080,810,540,1080,1620,1890,0
774,8500,0,3,39,0,3230,3315,3570,6545,3825,3570,0
775,12300,0,2,28,0,9594,9102,8610,8241,7011,6642,0
776,13300,0,2,28,2,4655,4655,4256,3325,2926,5054,0
777,2000,0,2,24,0,300,500,740,1060,1080,220,0
778,17100,1,1,27,0,1197,0,-342,0,342,171,0
779,700,1,1,50,0,700,672,679,693,651,525,0
780,14300,0,2,33,0,4862,3861,3146,2574,2288,1859,0
781,2000,1,2,19,3,1620,1660,1920,2060,2000,1960,1
782,4200,1,2,51,0,924,756,714,504,378,420,0
783,10000,1,3,67,2,1700,2100,2000,2300,2300,2300,1
784,24000,0,1,32,1,0,0,0,0,0,0,0
785,14000,0,5,39,0,13720,13440,11480,5600,1680,9380,1
786,9300,1,2,25,0,465,651,279,186,93,93,0
787,5300,0,3,68,0,5300,5459,5300,5406,5406,5406,0
788,34000,0,3,59,0,5100,5100,5440,10540,5440,2380,0
789,5700,1,1,26,0,627,684,0,285,684,285,1
790,15300,0,3,53,0,153,153,153,153,306,153,0
791,13000,1,2,43,2,1690,1690,1950,2210,2340,2340,1
792,4600,0,3,41,0,230,0,0,0,0,0,0
793,10800,1,2,28,0,4644,4644,0,0,0,0,0
794,30000,1,1,34,1,0,0,0,0,0,0,1
795,1800,0,2,22,2,1116,1080,1206,1260,1296,1314,1
796,18000,0,2,26,0,12240,11880,11340,10440,10080,10260,0
797,10900,1,1,51,2,11445,11881,11881,11663,10682,10573,0
798,21800,0,3,36,0,11772,11990,2834,0,0,218,0
799,10000,0,2,47,0,2500,2800,3000,3100,3400,3500,0
800,3600,1,2,30,2,3096,3348,3276,3492,3672,3564,1
801,32700,1,3,51,0,0,0,0,0,0,0,1
802,3300,1,1,20,0,1221,1023,1122,561,429,495,0
803,3600,0,1,25,7,36,36,36,36,36,36,1
804,900,1,3,48,3,99,99,99,99,99,99,1
805,34700,0,1,46,2,9022,7287,2429,2429,3817,2429,0
806,8000,1,1,27,2,7600,7360,7600,7920,7920,7280,1
807,25000,0,1,39,0,500,1500,500,500,1500,1000,0
808,10800,0,2,34,0,0,0,0,0,0,0,0
809,1500,1,2,26,7,180,180,180,180,180,135,1
810,19300,0,2,25,0,1544,17177,14668,13510,10615,10036,0
811,18500,1,1,33,1,0,0,0,0,0,0,1
812,22900,0,1,48,0,4122,0,229,0,458,0,0
813,16900,1,1,53,0,338,507,338,338,169,507,0
814,18500,0,2,49,0,740,740,740,740,925,370,0
815,3300,0,2,26,0,3333,3366,3333,3333,3366,528,0
816,4200,0,1,36,2,2436,2436,2604,2604,2562,2772,1
817,16900,0,1,23,3,14196,13689,14027,14196,13858,14027,1
818,23300,0,1,61,0,0,0,0,0,0,2796,0
819,14000,1,2,23,0,6160,5880,6020,6160,6440,6720,0
820,36000,0,1,27,0,360,0,0,1080,0,0,0
821,700,1,2,23,0,602,259,294,329,217,0,0
822,28000,0,3,35,0,19880,18480,18480,17920,14000,8120,0
823,2300,1,1,39,2,2116,1886,3910,2093,2047,2185,0
824,8700,0,2,50,0,5742,5829,5916,2349,2436,2610,0
825,27000,1,1,35,0,540,1080,1620,540,270,1620,0
826,9300,0,2,28,2,558,651,744,744,837,837,0
827,6000,1,2,32,0,5760,5880,5880,6000,3360,3360,0
828,3600,1,2,23,0,-108,-360,-180,-180,-180,-180,1
829,2000,1,3,56,4,1900,1840,2040,1960,1940,100,1
830,27500,0,1,39,0,275,0,0,0,0,0,0
831,1500,0,3,31,2,1350,1530,1455,1515,1530,1515,0
832,4200,0,1,25,0,4116,3990,3906,1764,1722,1722,0
833,7700,0,2,48,3,385,385,231,154,0,77,1
834,3000,1,2,29,2,2040,2520,2460,2490,2550,2700,0
835,2100,0,2,26,2,840,1008,966,1029,1071,1029,1
836,22700,0,1,35,0,0,1135,2951,2724,5448,2497,0
837,17100,0,2,27,0,16929,17271,17100,17271,13851,14022,0
838,17100,0,3,36,1,0,0,171,171,0,0,0
839,30000,1,1,31,0,4500,3900,3600,3000,300,600,0
840,4200,0,2,25,0,3990,3444,3528,588,1638,798,0
841,10800,0,3,40,0,108,324,324,432,324,324,0
842,2500,0,2,49,0,2125,2200,2000,1975,2500,2450,0
843,37300,0,2,40,0,746,746,746,746,746,746,0
844,22700,0,1,27,0,454,681,2043,1135,681,454,0
845,7700,1,2,26,2,6314,7777,7161,6930,4235,2464,0
846,2000,1,3,43,0,120,100,20,20,20,0,0
847,1700,0,2,27,0,1649,1751,1666,1700,1394,1428,0
848,25000,0,2,37,1,0,0,0,0,0,0,0
849,8000,1,2,38,2,7920,7840,7840,8000,7600,7840,0
850,35000,0,2,26,0,5250,2450,8750,2800,4200,3850,0
851,10800,0,3,27,0,7452,7668,7776,7992,8100,10044,1
852,7300,1,2,46,2,6205,6716,6570,6643,7008,6789,1
853,19300,0,2,34,0,965,579,193,579,1544,1544,0
854,24000,0,2,44,2,12480,13200,13440,13440,13200,14160,1
855,3800,0,2,31,0,2014,950,1254,1368,1216,1292,0
856,3300,0,2,26,1,0,0,132,165,264,330,0
857,4300,0,2,42,0,4171,4257,4343,2752,2537,2537,0
858,16900,1,1,39,3,169,0,0,0,0,-169,0
859,26700,0,2,29,0,15753,16020,16554,16821,17355,801,0
860,3800,1,4,25,0,494,570,760,798,798,836,0
861,4200,1,2,23,2,1512,1554,1638,1638,1638,1680,0
862,9100,1,1,31,2,8554,8645,8827,8918,8736,7007,1
863,20000,0,2,25,0,14200,14400,14600,1200,1200,1200,0
864,15400,1,1,45,2,5698,5544,6160,4466,7546,7392,1
865,8000,0,2,40,0,7840,7760,7840,7200,7360,7520,1
866,1700,1,1,33,0,1309,1394,1496,1581,1581,1615,0
867,10700,0,2,35,2,214,0,2140,2140,2247,2033,0
868,9100,0,3,59,3,182,455,455,182,182,182,0
869,25700,0,1,29,0,1028,1542,1285,1028,771,771,0
870,18500,0,1,41,1,0,0,0,0,0,0,0
871,24000,0,2,50,0,720,960,960,720,720,480,0
872,7100,0,1,29,2,142,0,0,0,0,0,0
873,10000,0,2,28,0,6600,6400,6500,4700,4800,4800,0
874,17300,1,1,33,0,865,1038,1211,1211,1211,1384,0
875,1300,0,2,25,3,1027,988,1053,1118,1261,1222,0
876,3600,0,3,39,2,180,180,288,396,432,504,0
877,5700,0,2,66,2,5301,5130,5016,5073,5187,5301,1
878,3800,1,2,45,2,3610,3458,3914,3800,1558,1482,0
879,24000,0,2,49,0,480,960,240,480,480,720,1
880,30000,0,2,34,0,6300,1200,1200,1200,1200,1200,0
881,20000,0,2,40,2,15000,15400,15600,17200,16800,17200,0
882,8200,1,3,48,0,8282,8282,6068,4100,2706,2296,0
883,4200,0,2,43,0,966,1050,1176,1176,1218,1218,0
884,1700,0,2,28,2,952,1037,1088,952,578,425,1
885,24000,1,1,33,0,480,240,0,0,0,0,0
886,3300,1,3,52,2,1716,1782,1947,1914,1947,1980,1
887,10000,0,2,25,0,9700,10000,10000,9900,9800,10100,0
888,15000,0,1,26,0,0,0,0,0,0,0,1
889,44000,1,3,39,2,0,0,0,0,0,0,1
890,20000,0,1,34,2,0,0,0,600,200,0,1
891,1400,0,2,22,0,2688,1428,560,952,1358,588,1
892,7700,0,3,53,2,6468,6853,6622,6930,6930,6930,0
893,22700,0,3,44,0,9534,9761,9761,9988,9761,9988,1
894,17000,0,1,47,0,0,0,0,0,0,0,0
895,12700,0,2,23,0,0,0,1905,2286,2286,2286,0
896,9300,0,2,32,0,9207,7254,9114,4650,4743,4929,0
897,3600,1,3,21,0,3384,1836,1152,1188,1188,1188,0
898,3800,1,2,54,0,3838,3762,3800,1558,1520,1558,0
899,23800,1,1,33,0,476,1904,1904,1904,1666,476,0
900,4500,0,3,60,0,4410,4545,4275,4365,4365,4455,0
901,11700,0,1,40,0,11349,11349,11583,11700,9126,9009,1
902,18200,1,3,34,0,6006,5460,4914,4186,3640,3094,0
903,4500,0,2,24,0,2205,2250,1215,1260,1350,1395,0
904,10800,0,1,26,0,7236,8316,6372,6480,6588,6804,0
905,6200,0,2,22,0,186,124,558,0,0,0,0
906,8600,0,1,39,0,8084,8170,8342,8514,8772,8256,0
907,10700,1,1,40,0,0,6313,1284,7276,6848,5885,0
908,14300,0,3,70,0,572,715,429,429,0,0,0
909,10000,0,2,26,0,200,0,0,0,200,400,0
910,11800,0,3,36,0,236,236,0,118,118,354,0
911,7300,0,3,49,0,3066,3139,3212,0,3285,3212,0
912,12300,1,1,31,0,2337,0,0,-123,-123,-123,0
913,22700,1,1,29,0,13166,16571,16798,17025,10215,0,0
914,9100,0,1,37,0,1456,364,273,1365,1274,182,0
915,2500,0,3,22,4,1800,1750,1925,2375,2350,2500,1
916,2300,0,2,24,2,2323,2185,2277,2277,2254,2254,0
917,49000,1,1,30,0,0,0,0,0,13720,13720,0
918,800,0,2,30,2,-16,224,456,688,664,816,0
919,16000,0,2,52,0,0,0,480,800,0,160,0
920,9100,1,2,24,0,7644,7735,7917,8190,8281,8463,0
921,18300,0,1,33,2,16836,16470,17568,17385,18300,18483,0
922,20800,1,1,35,0,8528,4992,2704,3328,2912,4368,0
923,15500,0,2,22,0,2945,2945,2945,2945,2790,2945,0
924,5000,0,3,28,2,1800,1000,1050,850,750,650,0
925,3800,0,2,38,0,3724,3724,3648,6954,722,722,0
926,16900,0,1,27,0,5070,4394,2873,676,338,1014,0
927,10800,0,1,26,2,216,216,540,216,324,108,1
928,66000,0,2,33,0,49500,38940,34980,33000,33000,32340,0
929,32700,0,1,33,1,327,5232,327,6213,1308,1635,0
930,13000,0,2,41,0,9360,9100,8840,8060,7930,7670,0
931,2100,0,2,24,2,504,546,672,672,651,714,0
932,30000,0,1,36,0,0,0,0,0,0,0,1
933,1500,1,3,53,2,615,780,750,0,0,0,1
934,4000,0,1,26,0,3240,3880,440,8720,7280,6520,0
935,1500,1,1,26,3,795,900,870,825,885,930,1
936,12300,1,3,31,0,0,0,0,0,0,0,0
937,9100,1,2,23,0,6643,6825,8827,8918,8918,0,0
938,2500,0,2,34,0,2175,2225,2325,2375,2425,2475,1
939,5000,0,5,36,2,2650,2500,2550,2600,2500,2550,0
940,17300,0,2,31,0,-173,-173,-173,-519,-519,8477,1
941,12700,1,1,29,2,4572,4699,4953,5080,4953,5207,0
942,2000,0,1,23,0,260,420,200,40,0,0,0
943,12300,0,1,26,0,12054,11931,10578,5412,0,0,0
944,11500,0,1,37,0,805,460,2300,230,2185,2070,0
945,5300,0,1,24,0,3551,2544,1325,954,0,106,0
946,29000,0,1,35,0,290,580,580,580,0,0,0
947,3300,1,3,24,0,2772,2013,1188,1122,1089,1023,0
948,2300,0,2,25,2,2254,2185,2300,2346,2208,2254,1
949,32300,0,3,42,0,6783,1615,2584,3876,5814,3553,0
950,10700,0,3,40,0,10165,9523,9630,9737,8560,8346,0
951,1400,0,2,24,0,1190,1260,1330,1386,1386,1400,0
952,13300,0,1,46,0,0,266,399,0,133,0,0
953,1800,0,2,27,0,1620,1692,1746,720,432,0,0
954,13300,1,1,33,0,266,0,0,133,133,0,0
955,4000,0,1,27,0,4080,3920,4000,3880,3160,3200,0
956,5300,0,2,42,0,212,318,530,212,106,106,0
957,23300,1,2,34,0,0,233,233,233,233,699,0
958,10000,0,1,32,0,9800,9800,9800,9900,9700,9600,0
959,900,1,2,20,2,531,603,747,846,819,1206,0
960,22000,0,2,48,0,8360,8580,9020,9240,9460,9680,0
961,13800,0,2,37,0,276,276,0,138,0,1518,1
962,12500,0,2,30,0,1750,1875,0,0,0,0,0
963,3800,0,2,28,0,3686,7486,3800,3724,1330,1368,0
964,4600,1,2,25,0,4324,3634,1932,1978,2116,2024,0
965,17500,0,1,29,0,13475,13125,13125,14875,11375,11550,0
966,23600,1,3,48,1,0,0,0,944,0,0,0
967,13000,0,2,40,0,11050,10920,12350,12350,12090,13390,0
968,2700,0,1,24,0,1296,1404,1485,1593,1620,1701,1
969,6400,0,1,36,2,1664,1792,1792,1856,2048,1984,1
970,5300,1,3,54,2,636,477,530,265,265,0,0
971,12300,0,1,23,0,5904,4920,4059,3075,2091,984,0
972,32700,0,2,37,0,0,0,0,0,0,0,0
973,25000,1,3,43,0,250,9750,1000,1000,250,1500,0
974,2000,0,2,28,0,1780,2060,0,0,0,0,0
975,1000,0,2,26,2,520,490,590,700,710,730,0
976,13800,0,2,50,0,0,276,0,0,0,0,0
977,30900,0,2,32,2,0,927,927,927,618,618,0
978,20000,1,2,43,0,200,200,0,200,0,0,0
979,4500,1,2,33,0,2385,2475,2610,2655,2655,2745,1
980,12000,0,3,25,0,120,120,0,0,0,120,0
981,38500,1,1,71,0,0,0,1155,385,770,0,0
982,17500,0,2,39,1,0,0,0,525,525,525,0
983,5700,1,2,28,0,5586,3762,1938,3648,1938,2052,0
984,8000,1,2,37,2,8800,3920,3680,3680,3600,3280,0
985,13600,1,2,23,0,136,680,816,816,680,0,1
986,3600,0,2,28,7,180,180,180,180,180,144,1
987,1700,1,2,24,0,1547,1598,1649,1581,1360,1037,0
988,6700,1,2,33,3,4221,4288,4355,4891,4757,4690,0
989,12900,1,1,31,0,645,0,258,387,516,516,0
990,2700,1,2,22,2,675,864,810,837,864,783,1
991,7300,0,3,53,0,6278,6351,6424,6570,0,0,0
992,19100,1,2,36,0,573,382,382,382,382,573,0
993,4500,0,3,36,0,5400,4320,4500,4545,4410,3060,0
994,4000,1,1,36,0,2840,2360,1880,1880,1800,1840,0
995,18500,0,2,31,0,6290,6475,6475,4995,5180,5180,0
996,4200,1,3,53,0,6384,6468,6594,6678,1638,1680,0
997,4500,1,2,26,0,1575,540,1485,360,0,0,0
998,7300,1,2,28,1,0,0,0,2117,2263,2409,0
999,3600,0,3,55,0,1800,1908,1944,1980,2016,2088,0
1000,16200,0,2,29,0,162,162,162,162,162,10044,0
